the,1818
and,940
to,809
a,690
of,631
it,545
she,541
said,462
you,435
in,431
i,410
alice,386
was,358
that,295
as,274
her,248
with,228
at,227
on,204
all,200
this,181
for,179
had,178
but,175
be,167
not,166
or,155
so,152
very,145
what,137
is,135
they,133
little,128
he,123
its,120
out,118
if,116
one,105
up,103
about,102
down,102
no,100
do,98
his,96
then,94
gutenberg,91
know,88
them,88
project,87
were,87
have,85
like,85
went,83
would,83
herself,83
again,83
when,80
could,78
by,78
there,77
any,76
thought,74
off,73
are,73
how,72
time,71
your,71
see,70
queen,68
me,68
into,67
who,64
did,63
well,63
king,61
an,61
dont,61
now,60
im,59
began,58
way,58
my,58
turtle,57
which,56
mock,56
tm,56
gryphon,55
quite,55
hatter,55
other,54
must,54
work,53
think,53
their,52
some,52
only,52
much,52
just,52
first,51
say,51
from,51
here,51
more,50
go,50
head,49
thing,49
voice,48
never,48
come,47
rabbit,47
such,47
get,46
got,45
looked,45
can,45
oh,45
him,43
after,43
mouse,43
round,41
over,40
two,40
came,40
tone,40
why,40
before,40
will,40
dormouse,39
back,39
great,39
duchess,39
we,39
been,38
right,36
found,35
cat,35
march,35
nothing,34
once,34
last,34
ive,34
without,34
thats,34
ill,33
long,33
works,33
things,33
large,33
tell,32
looking,32
hare,31
put,31
use,31
made,30
white,30
heard,30
door,30
next,30
make,30
look,29
e,29
eyes,29
dear,29
moment,29
day,29
replied,29
should,29
may,28
might,28
three,28
cant,28
away,28
upon,28
going,27
shall,27
caterpillar,27
course,27
seemed,27
poor,27
electronic,27
good,27
than,26
too,26
while,26
same,25
soon,25
yet,25
rather,25
sure,24
wont,24
took,24
theres,24
added,23
felt,23
youre,23
half,23
set,22
getting,22
take,22
under,22
terms,22
please,22
foundation,22
wish,22
jury,22
another,22
anything,22
even,21
however,21
old,21
find,21
till,21
hand,21
words,21
minute,21
ever,21
cried,20
sort,20
end,20
tea,19
curious,19
feet,19
full,19
tried,19
being,19
something,18
table,18
eat,18
enough,18
house,18
wonder,18
soup,18
court,18
agreement,18
side,17
talking,17
sat,17
alices,17
question,17
asked,17
these,17
perhaps,17
let,17
spoke,17
ran,16
people,16
garden,16
high,16
give,16
because,16
indeed,16
turned,16
license,16
both,16
through,16
hastily,16
bit,16
doesnt,16
where,16
used,16
seen,15
called,15
idea,15
am,15
gave,15
states,15
arm,15
saying,15
speak,15
face,15
done,15
mad,15
beginning,15
near,15
cats,15
low,15
air,15
knew,15
hear,15
donations,15
change,15
us,15
itself,14
ought,14
baby,14
copyright,14
saw,14
left,14
many,14
sea,14
remember,14
silence,14
suppose,14
read,14
talk,14
better,14
trying,14
certainly,14
anxiously,14
didnt,14
dodo,13
always,13
whole,13
size,13
yes,13
still,13
cook,13
footman,13
suddenly,13
close,13
beautiful,13
nearly,13
begin,13
really,13
behind,13
theyre,13
dance,13
grow,13
archive,13
life,13
literary,13
bill,13
far,13
room,13
kept,13
keep,13
wouldnt,13
org,13
gone,13
deal,12
majesty,12
help,12
queer,12
everything,12
try,12
copy,12
afraid,12
pigeon,12
finished,12
chapter,12
hands,12
among,12
turning,12
makes,12
small,12
our,12
hardly,12
adventures,12
best,12
game,12
every,12
hold,11
does,11
pig,11
dinah,11
else,11
gloves,11
heads,11
those,11
hurry,11
waited,11
most,11
minutes,11
turn,11
paragraph,11
glad,11
pool,11
party,11
growing,11
tears,11
id,11
whether,11
either,11
mind,11
trademark,11
f,11
hurried,11
though,11
agree,11
word,11
child,11
ask,11
name,11
wasnt,11
thinking,11
book,11
lessons,10
different,10
mine,10
soldiers,10
against,10
united,10
youd,10
few,10
offended,10
opened,10
mouth,10
birds,10
bottle,10
witness,10
own,10
sitting,10
having,10
refund,10
sight,10
access,10
glass,10
remark,10
remarked,10
rest,10
explain,10
fan,10
children,10
creatures,10
foot,10
walked,10
mean,10
repeated,10
yourself,10
box,10
together,9
ebook,9
shook,9
has,9
writing,9
written,9
shouted,9
angrily,9
continued,9
butter,9
hall,9
serpent,9
reason,9
believe,9
place,9
interrupted,9
timidly,9
call,9
leave,9
waiting,9
conversation,9
croquet,9
key,9
couldnt,9
public,9
want,9
join,9
answer,9
rate,9
puzzled,9
knave,9
matter,9
each,9
business,9
least,9
opportunity,9
coming,9
tail,9
dry,8
hard,8
free,8
hearts,8
wood,8
queens,8
pglaf,8
noticed,8
exactly,8
lying,8
changed,8
person,8
learn,8
happen,8
bright,8
tree,8
play,8
slowly,8
asleep,8
domain,8
number,8
notice,8
means,8
kind,8
days,8
feel,8
four,8
ready,8
new,8
nobody,8
forth,8
meaning,8
window,8
http,8
sister,8
followed,8
live,8
associated,8
appeared,8
hadnt,8
five,8
eagerly,8
everybody,8
sit,8
distance,8
havent,8
whiting,8
laws,8
making,8
middle,8
fee,8
watch,8
wonderland,8
gardeners,8
marked,8
almost,8
top,8
seem,8
running,8
moral,8
pepper,8
including,8
itll,8
beg,8
others,8
fact,8
information,8
fish,8
mushroom,8
story,8
sentence,8
nose,8
important,8
ground,8
twinkle,8
wondering,7
except,7
lobsters,7
ebooks,7
repeat,7
golden,7
listen,7
myself,7
open,7
tired,7
shoes,7
frightened,7
lory,7
copies,7
tarts,7
provide,7
youve,7
history,7
nonsense,7
deep,7
subject,7
william,7
evidence,7
song,7
manage,7
understand,7
distributing,7
fancy,7
fall,7
feeling,7
permission,7
surprised,7
larger,7
pocket,7
outside,7
bread,7
english,7
shes,7
oop,7
chin,7
draw,7
soo,7
cheshire,7
world,7
somebody,7
hedgehog,7
isnt,7
trial,7
goes,7
hair,7
drink,7
trees,7
neck,7
treacle,7
begun,7
grown,7
dream,7
hot,7
section,7
eye,7
stood,7
fetch,7
lobster,7
generally,7
slates,7
happened,7
pleased,7
sir,7
silent,7
piece,6
leaves,6
below,6
exclaimed,6
distribution,6
state,6
comply,6
stupid,6
particular,6
sharp,6
within,6
himself,6
web,6
s,6
pigs,6
sneezing,6
write,6
sing,6
general,6
www,6
puppy,6
c,6
father,6
told,6
liked,6
school,6
using,6
volunteers,6
youll,6
along,6
trouble,6
guinea,6
between,6
often,6
roof,6
stop,6
times,6
jumped,6
trembling,6
ten,6
inches,6
stand,6
tax,6
pardon,6
seven,6
fell,6
loud,6
arms,6
second,6
youth,6
dreadfully,6
grin,6
received,6
race,6
sleep,6
politely,6
editions,6
nice,6
wow,6
shant,6
chorus,6
melancholy,6
unless,6
chimney,6
forgotten,6
paid,6
executed,6
distribute,6
part,6
charge,6
ear,6
broken,6
late,6
crowded,5
cause,5
prizes,5
sadly,5
pair,5
moved,5
tis,5
eggs,5
form,5
owner,5
nine,5
pack,5
hole,5
become,5
interesting,5
sleepy,5
knee,5
happens,5
until,5
sky,5
water,5
rabbits,5
case,5
man,5
walk,5
limited,5
rule,5
kid,5
swim,5
lizard,5
ears,5
dare,5
alone,5
several,5
shut,5
sudden,5
doing,5
passed,5
confusion,5
curiosity,5
remembered,5
young,5
whispered,5
angry,5
dropped,5
aloud,5
temper,5
instantly,5
direction,5
rules,5
across,5
swam,5
usual,5
medium,5
morning,5
evening,5
stay,5
ah,5
walking,5
meant,5
compliance,5
paper,5
nearer,5
shriek,5
shrill,5
executioner,5
sighed,5
sometimes,5
altogether,5
whats,5
nervous,5
waving,5
speaking,5
animals,5
likely,5
anyone,5
taking,5
hookah,5
drew,5
quietly,5
impatiently,5
home,5
posted,5
procession,5
twice,5
lets,5
shouldnt,5
simple,5
seems,5
surprise,5
flamingo,5
wrong,5
cannot,5
certain,5
asking,5
unimportant,5
cut,5
sounded,5
replacement,5
strange,5
reply,5
height,5
finger,5
night,5
finish,5
faces,5
questions,4
solemnly,4
natural,4
stuff,4
capital,4
mouths,4
master,4
spread,4
crumbs,4
decidedly,4
copying,4
twelve,4
puzzling,4
shoulder,4
besides,4
mabel,4
thoughtfully,4
age,4
mission,4
fast,4
phrase,4
violently,4
slate,4
savage,4
green,4
porpoise,4
bills,4
screamed,4
indignantly,4
fellow,4
hearing,4
shrinking,4
frowning,4
cost,4
boots,4
explanation,4
escape,4
pointing,4
none,4
perfectly,4
twinkling,4
confused,4
taken,4
consider,4
sides,4
thank,4
care,4
collection,4
thimble,4
sobs,4
less,4
worth,4
quadrille,4
individual,4
short,4
located,4
also,4
grunted,4
displaying,4
fond,4
bowed,4
creating,4
digging,4
severely,4
dead,4
support,4
creature,4
sounds,4
honour,4
sigh,4
freely,4
sharply,4
damages,4
met,4
format,4
beau,4
law,4
reach,4
fear,4
ootiful,4
judge,4
breath,4
wanted,4
further,4
status,4
managed,4
doubt,4
verses,4
lives,4
answered,4
arches,4
verse,4
french,4
distributed,4
holder,4
fees,4
online,4
providing,4
ventured,4
requirements,4
easily,4
deeply,4
otherwise,4
additional,4
trials,4
taught,4
grass,4
theyll,4
beat,4
letter,4
carroll,4
bottom,4
busily,4
jurymen,4
true,4
fallen,4
tongue,4
hers,4
lay,4
earth,4
hours,4
shoulders,4
ordered,4
suppressed,4
begins,4
m,4
fire,4
crowd,4
paws,4
dish,4
site,4
allow,4
provided,4
rose,4
led,4
chance,4
date,4
donate,4
alas,4
keeping,4
officers,4
held,4
stick,4
tiny,4
dogs,4
players,4
argument,4
carried,4
jumping,4
since,4
reading,4
vanished,4
corner,4
mary,4
pictures,4
uncomfortable,4
ann,4
says,4
jurors,4
passage,4
run,4
verdict,4
removed,4
sound,4
plan,4
kitchen,4
turtles,4
pale,4
tale,4
bats,4
shore,4
contact,4
difficulty,4
catch,4
lewis,4
duck,4
mice,4
theyd,4
girl,4
hope,4
miss,4
yer,4
considering,3
caucus,3
eaglet,3
passion,3
themselves,3
checked,3
eager,3
spectacles,3
fur,3
teacup,3
paw,3
sent,3
cross,3
watching,3
beheaded,3
throw,3
hungry,3
wrote,3
picked,3
sulky,3
roses,3
list,3
nurse,3
washing,3
peeped,3
muchness,3
trumpet,3
upset,3
show,3
lived,3
cakes,3
lesson,3
edge,3
immediately,3
notion,3
folded,3
sisters,3
present,3
lady,3
o,3
confusing,3
fit,3
foundations,3
brought,3
moving,3
sense,3
remarks,3
fly,3
salt,3
slipped,3
worse,3
music,3
guess,3
nor,3
permitted,3
bank,3
guests,3
pie,3
pray,3
above,3
kings,3
cautiously,3
panther,3
ock,3
frog,3
owl,3
putting,3
ocl,3
gently,3
around,3
meet,3
kick,3
crown,3
included,3
follows,3
breathe,3
fun,3
purpose,3
hoarse,3
crossed,3
doth,3
wide,3
obliged,3
move,3
receive,3
complying,3
immediate,3
tails,3
derivative,3
twenty,3
civil,3
sorts,3
yesterday,3
instead,3
timid,3
limitation,3
muttering,3
snail,3
follow,3
mark,3
warranties,3
toes,3
shaking,3
em,3
figure,3
bound,3
succeeded,3
appear,3
easy,3
pattering,3
visit,3
cry,3
return,3
pressed,3
cards,3
love,3
directions,3
serpents,3
sending,3
obtain,3
entity,3
voices,3
dears,3
b,3
advance,3
opening,3
future,3
dull,3
neednt,3
expecting,3
handed,3
dark,3
remained,3
holding,3
gravely,3
smaller,3
unfortunate,3
filled,3
sobbing,3
cake,3
speech,3
cheered,3
girls,3
grave,3
performing,3
tasted,3
simply,3
proper,3
solemn,3
hush,3
noise,3
anywhere,3
week,3
drawling,3
choked,3
bring,3
yours,3
liability,3
shaped,3
disclaimer,3
pat,3
whisper,3
sad,3
sighing,3
execution,3
settled,3
fury,3
legs,3
crash,3
equipment,3
possibly,3
tortoise,3
decided,3
caught,3
hedgehogs,3
pieces,3
nibbling,3
candle,3
forgetting,3
stopped,3
bringing,3
attending,3
past,3
following,3
tossing,3
links,3
finding,3
later,3
start,3
livery,3
pleaded,3
paragraphs,3
considered,3
knife,3
stairs,3
red,3
loudly,3
joined,3
boy,3
poison,3
order,3
pity,3
printed,3
crab,3
staring,3
miles,3
hoping,3
impossible,3
somewhere,3
tucked,3
defective,3
email,3
duchesss,3
official,3
telescope,3
constant,3
venture,3
howling,3
takes,3
user,3
royalty,3
mustard,3
delight,3
carefully,3
remarking,3
suit,3
applicable,3
whatever,3
instance,3
knowledge,3
elbow,3
advantage,3
mentioned,3
effect,3
payments,3
floor,3
faster,3
efforts,3
u,3
growl,3
turns,3
grand,3
guessed,3
funny,3
hunting,3
already,3
hanging,3
longer,3
whiskers,3
alive,3
repeating,3
lost,3
money,3
hurt,3
friend,3
hes,3
listening,3
mistake,3
grinned,3
courage,3
country,3
nursing,3
bat,3
defect,3
plate,3
directly,3
anxious,3
knocking,3
shell,3
real,3
cushion,2
messages,2
fight,2
entirely,2
disappeared,2
ordering,2
search,2
dr,2
wildly,2
updated,2
tempered,2
sugar,2
quick,2
forget,2
dispute,2
nowhere,2
whenever,2
office,2
shouting,2
drunk,2
stamping,2
quarrelling,2
stoop,2
ferrets,2
hasnt,2
tut,2
footsteps,2
lonely,2
games,2
locations,2
curled,2
send,2
various,2
experiment,2
throat,2
unrolled,2
bite,2
laughing,2
sensation,2
unhappy,2
bird,2
imagine,2
shed,2
linked,2
choice,2
body,2
fancied,2
whom,2
custody,2
executions,2
sun,2
chief,2
woman,2
knot,2
bend,2
watched,2
books,2
humbly,2
heart,2
sorrow,2
trembled,2
heavy,2
wasting,2
flamingoes,2
contributions,2
proved,2
places,2
snatch,2
proud,2
federal,2
concluded,2
scream,2
cucumber,2
relief,2
edition,2
apples,2
d,2
regular,2
uglification,2
mystery,2
caused,2
goose,2
fine,2
absurd,2
recovered,2
remaining,2
delightful,2
luckily,2
comfits,2
position,2
forehead,2
won,2
panting,2
wheres,2
solicit,2
hour,2
smiled,2
dancing,2
treading,2
lie,2
bear,2
loose,2
smile,2
kindly,2
remedies,2
whos,2
doubtful,2
dinn,2
accepted,2
thoughts,2
tones,2
offer,2
persisted,2
crimson,2
hurriedly,2
advisable,2
sharing,2
archbishop,2
mostly,2
share,2
proceed,2
feeble,2
squeaking,2
ugh,2
royal,2
ornamented,2
comes,2
courtiers,2
northumbria,2
carrying,2
mercia,2
earls,2
morcar,2
edwin,2
barrowful,2
cares,2
shower,2
pebbles,2
rattling,2
hit,2
whose,2
produced,2
pennyworth,2
stole,2
ring,2
authority,2
delighted,2
scroll,2
knowing,2
older,2
parchment,2
wig,2
giving,2
rush,2
wet,2
safe,2
pencil,2
assembled,2
wandered,2
conversations,2
excellent,2
quickly,2
hate,2
smallest,2
flat,2
blew,2
bark,2
blasts,2
sorrowful,2
summer,2
stretching,2
useful,2
belongs,2
coaxing,2
dinner,2
painting,2
brown,2
remain,2
dog,2
reasonable,2
fashion,2
singers,2
catching,2
flower,2
everythings,2
thistle,2
deny,2
miserable,2
closed,2
nicely,2
purring,2
manner,2
rubbing,2
charges,2
interrupting,2
examine,2
quiet,2
learning,2
pleasure,2
sulkily,2
sh,2
triumphantly,2
living,2
ways,2
undertone,2
feelings,2
fright,2
goldfish,2
names,2
accident,2
ma,2
stretched,2
tiptoe,2
note,2
ago,2
clear,2
conqueror,2
mile,2
wink,2
smoking,2
directed,2
signed,2
addressed,2
pinched,2
encouraging,2
wake,2
proves,2
swimming,2
clearly,2
yawning,2
returned,2
atom,2
splashing,2
wonderful,2
exempt,2
wash,2
contemptuously,2
teacups,2
weve,2
shared,2
years,2
file,2
files,2
pinch,2
anger,2
formats,2
wherever,2
unfolded,2
busy,2
conclusion,2
owns,2
railway,2
picking,2
bad,2
declare,2
given,2
concert,2
spoon,2
page,2
created,2
remarkable,2
narrow,2
clock,2
rapidly,2
somersault,2
paying,2
afterwards,2
year,2
occurred,2
royalties,2
tells,2
jaws,2
sell,2
cup,2
weak,2
smiling,2
claws,2
meekly,2
neatly,2
generations,2
uneasily,2
month,2
break,2
protect,2
lasted,2
riddles,2
concept,2
eel,2
registered,2
computers,2
clever,2
lap,2
rome,2
paris,2
research,2
rude,2
six,2
changing,2
waistcoat,2
personal,2
wants,2
laid,2
wretched,2
knows,2
wine,2
resting,2
patiently,2
chose,2
yawned,2
collected,2
merely,2
taller,2
shorter,2
started,2
difficult,2
broke,2
nibbled,2
violent,2
blow,2
ringlets,2
redistribution,2
widest,2
re,2
lefthand,2
promoting,2
alarm,2
front,2
readable,2
raised,2
ending,2
implied,2
giddy,2
trotting,2
available,2
distant,2
redistributing,2
intellectual,2
appearing,2
raving,2
hatters,2
hedge,2
became,2
wandering,2
invited,2
reaching,2
whatsoever,2
restrictions,2
beating,2
property,2
straight,2
ashamed,2
struck,2
destroy,2
obtaining,2
roots,2
ones,2
denied,2
presents,2
electronically,2
dipped,2
depends,2
lieu,2
bye,2
startled,2
ugly,2
falling,2
forgot,2
curiouser,2
carry,2
plenty,2
cupboards,2
neither,2
shelves,2
extremely,2
doubtfully,2
changes,2
breach,2
legal,2
expenses,2
prevent,2
telling,2
jar,2
twist,2
playing,2
based,2
references,2
advice,2
matters,2
costs,2
crying,2
warranty,2
damage,2
missed,2
entangled,2
branches,2
threw,2
check,2
concerning,2
lovely,2
brightened,2
thoroughly,2
tumbling,2
active,2
prominently,2
copied,2
sang,2
contain,2
mixed,2
taste,2
sooner,2
usually,2
burn,2
computer,2
friends,2
sneezes,2
unpleasant,2
beasts,2
wild,2
line,2
singing,2
abide,2
plain,2
invitation,2
wise,2
vanilla,2
beautifully,2
laughed,2
label,2
ascii,2
hint,2
shutting,2
thousand,2
secondly,2
inside,2
extraordinary,2
learnt,2
fountains,2
cool,2
flowers,2
beds,2
longed,2
specified,2
showing,2
locks,2
prepare,2
legged,2
latitude,2
longitude,2
presently,2
doors,2
maybe,2
dishes,2
row,2
dreadful,2
muttered,2
plates,2
drive,2
throwing,2
effort,2
wind,2
fix,2
considerable,2
introduce,2
receipt,2
physical,2
thump,2
earnestly,2
accordance,2
employees,2
hart,2
michael,2
milk,2
leaning,2
stirring,2
cauldron,2
gutenbergs,2
dinahll,2
sneeze,2
pause,2
moments,2
altered,1
occasionally,1
hearth,1
grinning,1
sneezed,1
manners,1
grins,1
stool,1
violence,1
smoke,1
idiotic,1
desperately,1
whistling,1
variations,1
crazy,1
irons,1
saucepans,1
argue,1
louder,1
grazed,1
blows,1
footmans,1
agony,1
terror,1
precious,1
unusually,1
saucepan,1
flew,1
skimming,1
minded,1
tomorrow,1
uncivil,1
knock,1
kettle,1
reasons,1
axis,1
axes,1
chop,1
glanced,1
knocked,1
stupidly,1
curls,1
bother,1
producing,1
figures,1
crept,1
lullaby,1
shake,1
powdered,1
roughly,1
footmen,1
knuckles,1
rapped,1
annoy,1
teases,1
judging,1
vi,1
righthand,1
wits,1
frighten,1
howled,1
whoever,1
enjoy,1
pleases,1
flinging,1
untwist,1
frying,1
pan,1
crouched,1
nest,1
raw,1
adding,1
star,1
snorting,1
steam,1
engine,1
doubling,1
straightening,1
truthful,1
egg,1
tight,1
denying,1
undoing,1
kill,1
murder,1
contempt,1
grunt,1
expressing,1
snout,1
deepest,1
invent,1
wriggling,1
seriously,1
sobbed,1
needs,1
raising,1
highest,1
relieved,1
trot,1
annoyed,1
sorry,1
handsome,1
weeks,1
seeing,1
bough,1
yards,1
natured,1
teeth,1
treated,1
respect,1
puss,1
wider,1
hatching,1
pleasing,1
hedges,1
banks,1
sob,1
subdued,1
wings,1
flown,1
grant,1
growls,1
wags,1
wag,1
therefore,1
growling,1
hiss,1
happening,1
tops,1
dive,1
zigzag,1
graceful,1
branch,1
fig,1
curving,1
vanishing,1
result,1
stalk,1
farther,1
chimneys,1
thatched,1
rise,1
towards,1
length,1
vii,1
immense,1
morsel,1
swallow,1
closely,1
underneath,1
crawled,1
piteous,1
elbows,1
chair,1
upright,1
rearing,1
content,1
losing,1
cutting,1
contradicted,1
severity,1
alternately,1
airs,1
raven,1
awfully,1
desk,1
balanced,1
theyve,1
steady,1
jaw,1
ravens,1
desks,1
strength,1
muscular,1
wife,1
fourth,1
argued,1
beak,1
bones,1
suet,1
grumbled,1
tougher,1
gloomily,1
couple,1
shilling,1
ointment,1
supple,1
limbs,1
grey,1
readily,1
stays,1
poured,1
riddle,1
slightest,1
wearily,1
waste,1
answers,1
sage,1
fat,1
accounts,1
hed,1
uncommonly,1
brain,1
mournfully,1
quarrelled,1
injure,1
feared,1
son,1
incessantly,1
bee,1
puffed,1
wait,1
tray,1
swallowing,1
bawled,1
murdering,1
promising,1
mournful,1
caterpillars,1
irritated,1
butterfly,1
whiles,1
chrysalis,1
sizes,1
vote,1
sternly,1
alarmed,1
proposal,1
shyly,1
languid,1
fellows,1
v,1
circumstances,1
elsie,1
lacie,1
tillie,1
blades,1
tricks,1
interest,1
eating,1
drinking,1
teaching,1
fanned,1
buttercup,1
opinion,1
leant,1
helped,1
faint,1
puppys,1
interrupt,1
consented,1
hoarsely,1
promise,1
clean,1
dormouses,1
unwillingly,1
barking,1
jug,1
offend,1
eh,1
choosing,1
forwards,1
series,1
trampled,1
horse,1
cart,1
heels,1
doze,1
woke,1
traps,1
moon,1
memory,1
tumbled,1
drawing,1
rudeness,1
disgust,1
teapot,1
stupidest,1
leading,1
dodged,1
today,1
unlocking,1
worry,1
viii,1
rushed,1
yelp,1
entrance,1
whereupon,1
spite,1
terribly,1
paint,1
jogged,1
blame,1
deserved,1
whistle,1
spoken,1
tulip,1
onions,1
flung,1
brush,1
unjust,1
chanced,1
touch,1
feebly,1
afore,1
enormous,1
peering,1
arranged,1
thick,1
swallowed,1
rocket,1
clubs,1
oblong,1
corners,1
jack,1
flustered,1
diamonds,1
ye,1
merrily,1
couples,1
choke,1
brandy,1
scrambling,1
recognised,1
noticing,1
scratching,1
animal,1
velvet,1
fireplace,1
shy,1
nay,1
rope,1
tie,1
processions,1
opposite,1
lad,1
idiot,1
ladder,1
cartwheels,1
rumbling,1
pulling,1
rosetree,1
pattern,1
backs,1
glaring,1
beast,1
frames,1
bowing,1
humble,1
shrieks,1
meanwhile,1
examining,1
coward,1
execute,1
whispers,1
protection,1
pot,1
marched,1
evidently,1
roared,1
fills,1
peeping,1
arrum,1
pronounced,1
frame,1
boxed,1
possible,1
laughter,1
failure,1
thunder,1
ridges,1
furrows,1
balls,1
attempt,1
mallets,1
inwards,1
double,1
foolish,1
comfort,1
managing,1
thatll,1
tales,1
fairy,1
comfortably,1
straightened,1
pleasanter,1
expression,1
bursting,1
grew,1
provoking,1
magic,1
act,1
crawling,1
ridge,1
furrow,1
resource,1
doubled,1
parts,1
kneel,1
played,1
save,1
ceiling,1
fighting,1
furious,1
pressing,1
expected,1
uneasy,1
lips,1
beheading,1
uncorked,1
appearance,1
nodded,1
account,1
someone,1
fairly,1
complaining,1
quarrel,1
oneself,1
attends,1
arch,1
croqueted,1
win,1
finishing,1
nevertheless,1
kiss,1
likes,1
impertinent,1
pairs,1
passing,1
settling,1
difficulties,1
hoped,1
screaming,1
tidy,1
engaged,1
fancying,1
croqueting,1
helpless,1
lest,1
appealed,1
settle,1
arguments,1
executioners,1
upstairs,1
werent,1
engraved,1
prison,1
arrow,1
fading,1
w,1
brass,1
neat,1
ix,1
finds,1
hell,1
affectionately,1
pleasant,1
hopeful,1
housemaid,1
vinegar,1
sour,1
camomile,1
bitter,1
barley,1
pointed,1
sweet,1
stingy,1
completely,1
naturedly,1
sends,1
iv,1
squeezed,1
closer,1
spirited,1
uncomfortably,1
bore,1
pretexts,1
bed,1
minding,1
morals,1
waist,1
canary,1
wrapping,1
magpie,1
feather,1
flock,1
mineral,1
dinahs,1
attended,1
vegetable,1
pet,1
cheap,1
birthday,1
dig,1
worried,1
addressing,1
died,1
favourite,1
oyster,1
patience,1
tremble,1
thunderstorm,1
fair,1
warning,1
snappishly,1
absence,1
shade,1
delay,1
lose,1
sentenced,1
daughter,1
quicker,1
company,1
pardoned,1
growled,1
insult,1
undo,1
picture,1
lazy,1
leaving,1
rubbed,1
fifth,1
chuckled,1
executes,1
ledge,1
rock,1
death,1
pitied,1
condemn,1
hollow,1
occasional,1
exclamation,1
hjckrrh,1
cunning,1
calmly,1
cur,1
denial,1
sink,1
maynt,1
educations,1
prosecute,1
extras,1
learned,1
mouses,1
ours,1
extra,1
afford,1
promised,1
inquired,1
reeling,1
writhing,1
arithmetic,1
ambition,1
distraction,1
begged,1
derision,1
lifted,1
uglifying,1
beautify,1
prettier,1
uglify,1
simpleton,1
encouraged,1
patted,1
counting,1
subjects,1
flappers,1
ancient,1
modern,1
seaography,1
theirs,1
conger,1
complained,1
fainting,1
coils,1
stiff,1
classics,1
grief,1
hid,1
lessen,1
eleventh,1
holiday,1
twelfth,1
x,1
laugh,1
elegant,1
flapper,1
acceptance,1
bone,1
punching,1
presented,1
cheeks,1
introduced,1
prize,1
pulled,1
despair,1
lines,1
seals,1
salmon,1
cleared,1
jelly,1
calling,1
partner,1
partners,1
shakespeare,1
retire,1
placed,1
capering,1
yelled,1
land,1
shape,1
dropping,1
pretty,1
exact,1
circle,1
winter,1
forepaws,1
inclined,1
paused,1
audibly,1
tittered,1
shingle,1
hide,1
askance,1
thanked,1
bent,1
scaly,1
england,1
france,1
beloved,1
energetic,1
adoption,1
adjourn,1
thrown,1
shiny,1
blacking,1
soles,1
eels,1
shrimp,1
meeting,1
rising,1
journey,1
normans,1
impatient,1
explanations,1
gained,1
listeners,1
insolence,1
sluggard,1
baked,1
eyelids,1
trims,1
belt,1
buttons,1
moderate,1
conduct,1
sands,1
gay,1
lark,1
contemptuous,1
williams,1
shark,1
tide,1
rises,1
sharks,1
atheling,1
tremulous,1
uncommon,1
explained,1
edgar,1
disobey,1
worm,1
crossly,1
canterbury,1
patriotic,1
crust,1
gravy,1
meat,1
stigand,1
treat,1
boon,1
declared,1
shiver,1
fork,1
banquet,1
hm,1
accounting,1
tastes,1
rich,1
tureen,1
dainties,1
conquest,1
usurpation,1
accustomed,1
leaders,1
submitted,1
pope,1
favoured,1
driest,1
beauti,1
ful,1
ahem,1
panted,1
faintly,1
breeze,1
xi,1
cold,1
fixed,1
seated,1
throne,1
arrived,1
standing,1
chains,1
soldier,1
guard,1
refused,1
positively,1
known,1
familiarly,1
refreshments,1
pass,1
justice,1
consultation,1
wore,1
frontispiece,1
comfortable,1
becoming,1
dripping,1
rightly,1
men,1
clinging,1
indignant,1
feathers,1
spell,1
neighbour,1
muddle,1
slatesll,1
draggled,1
squeaked,1
iii,1
juror,1
herald,1
accusation,1
softly,1
commotion,1
rats,1
kills,1
pounds,1
hundred,1
farmer,1
fourteenth,1
fifteenth,1
sixteenth,1
curly,1
dates,1
reduced,1
shillings,1
pence,1
hat,1
stolen,1
memorandum,1
fidgeted,1
terrier,1
spot,1
encourage,1
shifting,1
eyed,1
squeeze,1
boldly,1
vulgar,1
pace,1
ridiculous,1
nasty,1
hated,1
family,1
bristling,1
thin,1
t,1
dunce,1
twinkled,1
soft,1
denies,1
licking,1
speaker,1
sits,1
canvas,1
bag,1
tied,1
strings,1
newspapers,1
attempts,1
applause,1
understood,1
lower,1
officer,1
lazily,1
folding,1
collar,1
shrieked,1
behead,1
suppress,1
soothing,1
ache,1
fumbled,1
xii,1
flurry,1
tipped,1
skirt,1
upsetting,1
passionate,1
sprawling,1
reminding,1
globe,1
quiver,1
accidentally,1
dismay,1
leap,1
vague,1
die,1
chatte,1
emphasis,1
haste,1
downwards,1
unable,1
signifies,1
shock,1
pencils,1
diligently,1
overcome,1
gazing,1
est,1
respectful,1
ou,1
cackled,1
forty,1
persons,1
daresay,1
invented,1
oldest,1
prisoner,1
inquisitively,1
grammar,1
prisoners,1
handwriting,1
queerest,1
imitated,1
elses,1
prove,1
latin,1
sign,1
mischief,1
honest,1
clapping,1
brothers,1
guilt,1
character,1
push,1
harm,1
involved,1
affair,1
trusts,1
hippopotamus,1
obstacle,1
ourselves,1
secret,1
sixpence,1
walrus,1
attempted,1
saves,1
spreading,1
cardboard,1
clearer,1
fits,1
furiously,1
inkstand,1
ink,1
trickling,1
pun,1
twentieth,1
purple,1
flying,1
brushing,1
fluttered,1
kissed,1
drowned,1
setting,1
dreaming,1
dreamed,1
clasped,1
toss,1
listened,1
rustled,1
splashed,1
neighbouring,1
rattle,1
punished,1
wept,1
meal,1
crashed,1
lizards,1
choking,1
believed,1
reality,1
rustling,1
rippling,1
reeds,1
tinkling,1
sheep,1
bells,1
cries,1
shepherd,1
noises,1
clamour,1
farm,1
yard,1
lowing,1
cattle,1
lastly,1
pictured,1
riper,1
station,1
loving,1
childhood,1
gather,1
sorrows,1
joys,1
remembering,1
happy,1
houses,1
named,1
txt,1
zip,1
lodging,1
spades,1
wooden,1
sand,1
replace,1
previous,1
renamed,1
machines,1
bathing,1
coast,1
print,1
seaside,1
somehow,1
splash,1
speed,1
existence,1
avoid,1
measure,1
burst,1
toys,1
special,1
poky,1
apply,1
fishes,1
welcome,1
cheerfully,1
scale,1
nile,1
waters,1
pour,1
shining,1
improve,1
crocodile,1
london,1
specific,1
geography,1
signify,1
creation,1
multiplication,1
reports,1
performances,1
thirteen,1
modified,1
practically,1
ada,1
especially,1
commercial,1
puzzle,1
fanning,1
darkness,1
skurried,1
desperate,1
dressed,1
splendidly,1
returning,1
indicate,1
accept,1
dried,1
gallons,1
shedding,1
cease,1
hopeless,1
fender,1
possession,1
hearthrug,1
esq,1
odd,1
carrier,1
planning,1
christmas,1
able,1
stockings,1
largest,1
lot,1
preserve,1
ii,1
common,1
eats,1
ate,1
compilation,1
creep,1
currants,1
respectable,1
claim,1
pretend,1
pretending,1
cheated,1
scolded,1
seldom,1
advise,1
slippery,1
climb,1
attached,1
plainly,1
govern,1
countries,1
blown,1
addition,1
downloading,1
representations,1
flame,1
shrink,1
toast,1
buttered,1
toffee,1
turkey,1
appears,1
accessed,1
displayed,1
performed,1
viewed,1
roast,1
apple,1
derived,1
pine,1
indicating,1
custard,1
tart,1
cherry,1
flavour,1
disagree,1
bleeds,1
poker,1
imposed,1
unlink,1
detach,1
remove,1
containing,1
display,1
perform,1
redistribute,1
convert,1
binary,1
compressed,1
nonproprietary,1
proprietary,1
eaten,1
processing,1
hypertext,1
burnt,1
histories,1
letters,1
telescopes,1
lately,1
version,1
doorway,1
wander,1
expense,1
loveliest,1
exporting,1
request,1
original,1
alternate,1
include,1
knelt,1
viewing,1
rat,1
pay,1
fitted,1
gross,1
profits,1
derive,1
calculated,1
method,1
calculate,1
lock,1
taxes,1
owed,1
fifteen,1
agreed,1
curtain,1
belong,1
solid,1
legally,1
required,1
periodic,1
locked,1
returns,1
address,1
lamps,1
lit,1
hurrying,1
notifies,1
mail,1
overhead,1
sticks,1
require,1
possessed,1
heap,1
truth,1
discontinue,1
dozing,1
dreamy,1
saucer,1
ignorant,1
discovered,1
reported,1
group,1
curtseying,1
curtsey,1
australia,1
zealand,1
maam,1
expend,1
antipathies,1
downward,1
identify,1
transcribe,1
proofread,1
despite,1
practice,1
stored,1
defects,1
schoolroom,1
incomplete,1
inaccurate,1
corrupt,1
data,1
transcription,1
errors,1
infringement,1
centre,1
damaged,1
disk,1
brave,1
virus,1
codes,1
killing,1
drop,1
empty,1
disappointment,1
marmalade,1
described,1
disclaim,1
orange,1
labelled,1
pegs,1
hung,1
negligence,1
strict,1
maps,1
contract,1
distributor,1
liable,1
actual,1
direct,1
indirect,1
consequential,1
punitive,1
incidental,1
possibility,1
discover,1
receiving,1
elect,1
stopping,1
tunnel,1
choose,1
demand,1
opportunities,1
problem,1
pop,1
express,1
fortunately,1
merchantibility,1
fitness,1
disclaimers,1
exclusion,1
field,1
types,1
violates,1
interpreted,1
maximum,1
invalidity,1
unenforceability,1
provision,1
void,1
provisions,1
indemnity,1
indemnify,1
agent,1
employee,1
production,1
promotion,1
harmless,1
arise,1
indirectly,1
occur,1
alteration,1
modification,1
additions,1
deletions,1
synonymous,1
burning,1
flashed,1
variety,1
actually,1
obsolete,1
aged,1
exists,1
hundreds,1
walks,1
financial,1
assistance,1
need,1
critical,1
tms,1
goals,1
ensuring,1
wondered,1
pink,1
secure,1
permanent,1
sections,1
daisies,1
non,1
profit,1
educational,1
corporation,1
organized,1
mississippi,1
granted,1
chain,1
internal,1
revenue,1
service,1
daisy,1
ein,1
fulcrum,1
identification,1
fundraising,1
millennium,1
deductible,1
extent,1
language,1
principal,1
december,1
melan,1
release,1
fairbanks,1
ak,1
scattered,1
throughout,1
numerous,1
june,1
north,1
west,1
lake,1
city,1
ut,1
posting,1
gregory,1
newby,1
executive,1
director,1
gbnewby,1
survive,1
increasing,1
licensed,1
machine,1
accessible,1
array,1
outdated,1
particularly,1
maintaining,1
irs,1
committed,1
regulating,1
charities,1
charitable,1
uniform,1
paperwork,1
author,1
confirmation,1
determine,1
solicitation,1
prohibition,1
accepting,1
unsolicited,1
donors,1
approach,1
offers,1
international,1
gratefully,1
title,1
statements,1
treatment,1
swamp,1
staff,1
pages,1
current,1
donation,1
methods,1
addresses,1
checks,1
credit,1
card,1
professor,1
originator,1
library,1
thirty,1
network,1
volunteer,1
confirmed,1
thus,1
necessarily,1
main,1
pg,1
facility,1
includes,1
produce,1
subscribe,1
newsletter,1
